
## GK / Goalkeepers

G. Ochoa|Guillermo Ochoa|Francisco Guillermo OCHOA MAGAÑA, 13 Jul 1985
J. Corona|José de Jesús Corona|José de Jesús CORONA RODRIGUEZ, 26 Jan 1981
A. Talavera|Alfredo Talavera|Alfredo TALAVERA DIAZ, 18 Sep 1982


## DF / Defenders

F. Rodríguez|Francisco Javier Rodríguez|Francisco Javier RODRIGUEZ PINEDO, 20 Oct 1981
J. Molina|Jesús Molina|Jesus Antonio MOLINA GRANADOS, 29 Mar 1988
S. Meza|Severo Meza|Severo Efraín MEZA MAYORGA, 9 Jul 1986
H. Moreno|Héctor Moreno|Hector Alfredo MORENO HERRERA, 17 Jan 1988
J. Torres|Jorge Torres Nilo|Jorge Emmanuel TORRES NILO, 16 Jan 1988
H. Mier|Hiram Mier|Hiram Ricardo MIER ALANIS, 25 Aug 1989
G. Flores|Gerardo Flores|Gerardo FLORES ZUÑIGA,  5 Feb 1986


## MF / Midfielders

C. Salcido|Carlos Salcido|Carlos Arnoldo SALCIDO FLORES, 2 Apr 1980
D. Reyes|Diego Reyes|Diego Antonio REYES ROSALES,  19 Sep 1992
G. Torrado|Gerardo Torrado|Gerardo TORRADO DIEZ DE BONILLA, 30 Apr 1979
P. Barrera|Pablo Barrera|Pablo Edson BARRERA ACOSTA,  21 Jun 1987
H. Herrera|Héctor Herrera|Héctor Miguel HERRERA LOPEZ, 19 Apr 1990
J. Zavala|Jesús Zavala|Jesús Eduardo ZAVALA CASTAÑEDA, 21 Jul 1987
A. Guardado|Andrés Guardado|José Andrés GUARDADO HERNANDEZ, 28 Sep 1986


## FW / Forwards

A. Reyna|Ángel Reyna|Angel Eduardo REYNA MARTÍNEZ, 19 Sep 1984
A. de Nigris|Aldo de Nigris|Jesús Aldo DE NIGRIS GUAJARDO, 22 Jul 1983
G. dos Santos|Giovani dos Santos|Giovani DOS SANTOS RAMIREZ, 11 May 1989
J. Aquino|Javier Aquino|Javier Ignacio AQUINO CARMONA, 11 Feb 1990
J. Hernández|Javier Hernández|Javier HERNANDEZ BALCAZAR, 1 Jun 1988
R. Jiménez|Raúl Jiménez|Raúl Alonso JIMENEZ RODRIGUEZ, 5 May 1991
